model,rmse,mae,direction_accuracy
AR(1),2556.5590221643192,1826.574035367576,39.25233644859813
AR(12),2176.0155404452444,1572.9086751902298,56.074766355140184
Ridge,1997.8386292694215,1424.596265891941,57.943925233644855
GradientBoosting,2093.057292652124,1485.125890973053,54.20560747663551
XGBoost,2077.8870744410615,1449.2982669406467,59.813084112149525
LSTM,5643.521824244527,4799.904184447394,48.598130841121495
