specification,description,ridge_rmse,ridge_vs_m0_pct,xgboost_rmse,xgboost_vs_m0_pct,ridge_dm_stat,ridge_dm_p,ridge_gw_stat,ridge_gw_p,xgboost_dm_stat,xgboost_dm_p,xgboost_gw_stat,xgboost_gw_p
M0,Baseline,1997.838629269444,0.0,2077.8870744410615,0.0,,,,,,,,
M1,+Trade-activity,1953.8941340046194,-2.199601840759977,2095.7068658477347,0.8575919079465175,-1.7268856425902497,0.08707399697423446,1.826699201575854,0.4011781841822539,0.4099688374778681,0.6826484652551947,7.199259660111204,0.027333838740369987
M2,+Financial-flow,1952.472134345469,-2.2707787435546987,2034.2208578676987,-2.1014720727837797,-1.5107345611451604,0.1338037331225852,2.7092289607324624,0.2580467573695362,-0.9519606580450763,0.3432624031210676,0.9876180052984096,0.6102973371341587
M3,+Text/Sentiment,1971.0681495955598,-1.3399720719021964,2009.8986289116451,-3.271999059318699,-0.4867503914482546,0.6274308021621757,0.6982199765121296,0.7053155495762767,-0.9656779949667447,0.33638286954101093,0.9905568200791611,0.6094012202582653
M4,+Satellite,1989.2294473390148,-0.430924790636239,2086.3679428944993,0.40814866975959596,-0.5335051194602786,0.5947904723693025,0.2754106037400844,0.8713554407311294,0.15992553365258047,0.8732412471273627,1.9630412202014083,0.37474083069122566
M5,All combined,1876.106228899221,-6.093204855826487,2039.6224982430092,-1.8415137506134789,-1.7844166637114214,0.07719013719989243,2.6585552045924272,0.2646683880925569,-0.49928408254850914,0.6186043080768777,1.5951310098738747,0.45042418587711286
