specification,description,ridge_rmse,ridge_vs_m0_pct,xgboost_rmse,xgboost_vs_m0_pct,ridge_dm_stat,ridge_dm_p,ridge_gw_stat,ridge_gw_p,xgboost_dm_stat,xgboost_dm_p,xgboost_gw_stat,xgboost_gw_p
M0,Baseline,2121.0882183467324,0.0,2163.5909998291313,0.0,,,,,,,,
M1,+Trade-activity,2141.35160621065,0.9553298014031576,2156.9340399385187,-0.30768106777752025,0.5932351496581364,0.5542756763726104,0.30596598601032354,0.8581443161432457,-0.08713175327961552,0.9307296377460919,2.163270538385041,0.3390406493536364
M2,+Financial-flow,2138.772730743777,0.8337471418717699,2125.1853853981142,-1.7750866237680838,0.8513349945455002,0.3964845643346955,0.9002798837774447,0.637538926977211,-1.1406524147853143,0.2565612442913008,8.634117030780509,0.013339062539154067
M3,+Text/Sentiment,2037.4263135640206,-3.9442916168720963,2061.043502530459,-4.73968958582148,-1.2322420501266864,0.22055957330511067,0.8992185606368825,0.6378773341672203,-1.2898893344951425,0.19986998529469435,2.706030674434263,0.2584597411958506
M4,+Satellite,2118.252181877094,-0.13370667212744156,2205.178692176976,1.9221605354768467,-0.2238994164477887,0.8232625174710391,4.37878513594193,0.1119847510863724,0.9284394818923339,0.35526934505673347,1.2058297975267074,0.5472142349969475
M5,All combined,2098.0142956605464,-1.0878341827842908,2082.3683772088657,-3.754065469244424,-0.3937740643290222,0.6945314560269142,0.7493235675132068,0.6875217705029921,-0.7794081712847329,0.43745980885028524,1.5940103414262317,0.45067664468774704
