specification,description,ridge_rmse,ridge_vs_m0_pct,xgboost_rmse,xgboost_vs_m0_pct,ridge_dm_stat,ridge_dm_p,ridge_gw_stat,ridge_gw_p,xgboost_dm_stat,xgboost_dm_p,xgboost_gw_stat,xgboost_gw_p
M0,Baseline,1997.838629269444,0.0,2015.4572824100221,0.0,,,,,,,,
M1,+Trade-activity,1953.8941340046194,-2.199601840759977,2022.82507878766,0.3655645020085815,-1.7268856425902497,0.08707399697423446,2.2044845670708897,0.33212552853309063,0.15232920600929267,0.8792141581126902,0.12320702577518965,0.9402556121283854
M2,+Financial-flow,1952.472134345469,-2.2707787435546987,2078.2199027559827,3.114063537526878,-1.5107345611451604,0.1338037331225852,2.3200537209354812,0.31347776061024324,1.4156684801875974,0.15977678094054526,1.5519855632675095,0.46024662970983843
M3,+Text/Sentiment,1980.4368828044458,-0.8710286311443293,2008.2693969286267,-0.35663794733472676,-0.3032126324044877,0.7623165673074319,2.5391852920306204,0.2809460429619184,-0.12667015489557898,0.8994391964644497,1.1821708478009723,0.5537259310718239
M4,+Satellite,1989.2294473390148,-0.430924790636239,2072.676803108513,2.839034158544385,-0.5335051194602786,0.5947904723693025,0.3199466666944187,0.8521665130917463,1.1444934014817802,0.2549728054282394,2.1070805738889766,0.3487010594763619
M5,All combined,1869.1591654052909,-6.440933816121463,2039.9590682896724,1.2156936340695723,-1.8981854959997395,0.06036615755927066,3.2651724248599105,0.19542351329937313,0.38860223270927713,0.6983425801625165,3.235352413524152,0.1983591094844419
