specification,description,ridge_rmse,ridge_vs_m0_pct,xgboost_rmse,xgboost_vs_m0_pct,ridge_dm_stat,ridge_dm_p,ridge_gw_stat,ridge_gw_p,xgboost_dm_stat,xgboost_dm_p,xgboost_gw_stat,xgboost_gw_p
M0,Baseline,1997.838629269444,0.0,2077.8870744410615,0.0,,,,,,,,
M1,+Trade-activity,1953.8941340046194,-2.199601840759977,2095.7068658477347,0.8575919079465175,-1.7268856425902497,0.08707399697423446,1.826699201575854,0.4011781841822539,0.4099688374778681,0.6826484652551947,7.199259660111204,0.027333838740369987
M2,+Financial-flow,1952.472134345469,-2.2707787435546987,2034.2208578676987,-2.1014720727837797,-1.5107345611451604,0.1338037331225852,2.7092289607324624,0.2580467573695362,-0.9519606580450763,0.3432624031210676,0.9876180052984096,0.6102973371341587
M3,+Text/Sentiment,1898.338340696131,-4.980396670460703,2012.5773564986,-3.14308312255272,-1.6244317503587908,0.10722594658231555,9.95387422136696,0.006895149327000083,-0.7515079076156849,0.45399682081856696,0.9771325197176621,0.6135053711990428
M4,+Satellite,1989.2294473390148,-0.430924790636239,2086.3679428944993,0.40814866975959596,-0.5335051194602786,0.5947904723693025,0.2754106037400844,0.8713554407311294,0.15992553365258047,0.8732412471273627,1.9630412202014083,0.37474083069122566
M5,All combined,1844.261261724145,-7.687175795647626,2064.2329147954965,-0.6571175023665731,-2.5662887385541033,0.011662530949001715,12.351123616459821,0.0020796372318795386,-0.1455024321465176,0.8845879409792903,1.2730474126456137,0.529128637121578
