specification,description,ridge_rmse,ridge_vs_m0_pct,xgboost_rmse,xgboost_vs_m0_pct,ridge_dm_stat,ridge_dm_p,ridge_gw_stat,ridge_gw_p,xgboost_dm_stat,xgboost_dm_p,xgboost_gw_stat,xgboost_gw_p
M0,Baseline,1997.838629269444,0.0,2077.8870744410615,0.0,,,,,,,,
M1,+Trade-activity,2060.5294280617545,3.137931055784762,2092.715357025562,0.7136231206640078,1.2213567237434888,0.22463522847242134,1.8580215686840065,0.3949442021882884,0.5427299401612702,0.5884444609389352,0.22323829670159084,0.8943848205781766
M2,+Financial-flow,2007.4410615352651,0.4806410350235574,1994.9447617847911,-3.9916660378948325,0.559933546129299,0.5766951284119197,1.1100552479443158,0.5740564032593067,-1.9152335003734628,0.058132459516389456,2.332027870750419,0.31160655289548245
M3,+Text/Sentiment,1894.2982184693178,-5.182621323023881,2033.5996095787311,-2.131370150336173,-1.7213033200168613,0.08808586463485812,14.966529508055695,0.0005624182577349535,-0.5233757880110761,0.6017950123003941,1.0340819643980907,0.596282350171212
M4,+Satellite,2000.012841414494,0.10882821631319788,2087.379123929586,0.45681257683735643,0.12161327222767081,0.9034334006515299,2.360210657888185,0.30724637496049634,0.38426291137778623,0.7015461930260156,1.0928751492642328,0.5790088163710201
M5,All combined,1980.8973452684224,-0.8479806002758371,2026.929510420508,-2.452374079773356,-0.31397089669817996,0.7541544466792376,1.3252139974904458,0.5155056585610946,-0.5432108424736226,0.5881145063914306,1.105955252884189,0.575234424525897
