specification,description,ridge_rmse,ridge_vs_m0_pct,xgboost_rmse,xgboost_vs_m0_pct,ridge_dm_stat,ridge_dm_p,ridge_gw_stat,ridge_gw_p,xgboost_dm_stat,xgboost_dm_p,xgboost_gw_stat,xgboost_gw_p
M0,Baseline,1997.838629269444,0.0,2077.8870744410615,0.0,,,,,,,,
M1,+Trade-activity,1953.8941340046194,-2.199601840759977,2095.7068658477347,0.8575919079465175,-1.7268856425902497,0.08707399697423446,1.826699201575854,0.4011781841822539,0.4099688374778681,0.6826484652551947,7.199259660111204,0.027333838740369987
M2,+Financial-flow,2007.4410615352651,0.4806410350235574,1994.9447617847911,-3.9916660378948325,0.559933546129299,0.5766951284119197,1.1100552479443158,0.5740564032593067,-1.9152335003734628,0.058132459516389456,2.332027870750419,0.31160655289548245
M3,+Text/Sentiment,1950.1659723632115,-2.3862115892545908,2019.4901734188336,-2.810398204047556,-1.3045388867606955,0.19484887346068014,4.190276632590672,0.12305322221099801,-0.9414698408519939,0.3485848492484438,1.0065136004274964,0.6045585237000923
M4,+Satellite,1989.2294473390148,-0.430924790636239,2086.3679428944993,0.40814866975959596,-0.5335051194602786,0.5947904723693025,0.2754106037400844,0.8713554407311294,0.15992553365258047,0.8732412471273627,1.9630412202014083,0.37474083069122566
M5,All combined,1931.8991466107886,-3.3005409792665628,2002.3181400331312,-3.6368162320975936,-1.2342548345963642,0.21981188013257635,1.443368504023189,0.485933132492531,-1.0399636664431855,0.30070102819515476,1.6491749028569356,0.43841582298320736
