specification,description,ridge_rmse,ridge_vs_m0_pct,xgboost_rmse,xgboost_vs_m0_pct,ridge_dm_stat,ridge_dm_p,ridge_gw_stat,ridge_gw_p,xgboost_dm_stat,xgboost_dm_p,xgboost_gw_stat,xgboost_gw_p
M0,Baseline,1997.838629269444,0.0,2064.862389205452,0.0,,,,,,,,
M1,+Trade-activity,1953.8941340046194,-2.199601840759977,2030.1490348895902,-1.681146138228578,-1.7268856425902497,0.08707399697423446,2.2044845670708897,0.33212552853309063,-0.9280429710127817,0.3554740306227724,2.247602316065232,0.32504190775313546
M2,+Financial-flow,1952.472134345469,-2.2707787435546987,2034.4100315948594,-1.4747887205360195,-1.5107345611451604,0.1338037331225852,2.3200537209354812,0.31347776061024324,-0.8735585771385074,0.38431501342571583,2.1968007890635683,0.3334039721958246
M3,+Text/Sentiment,1971.0681495955598,-1.3399720719021964,2013.3783906855422,-2.4933379962294056,-0.4867503914482546,0.6274308021621757,0.9657216440394316,0.6170156923957415,-0.8760756473195154,0.3829514331874839,1.045612491789823,0.5928545158642273
M4,+Satellite,1989.2294473390148,-0.430924790636239,2067.989867055112,0.15146180520356084,-0.5335051194602786,0.5947904723693025,0.3199466666944187,0.8521665130917463,0.05978040476428915,0.9524420423439042,1.3799175185908967,0.5015967548430751
M5,All combined,1876.106228899221,-6.093204855826487,2040.9632617426519,-1.1574198642843414,-1.7844166637114214,0.07719013719989243,3.094867123715571,0.21279339471749592,-0.35644724324438887,0.7222075618496975,1.2041825168327993,0.5476651283808202
