specification,description,ridge_rmse,ridge_vs_m0_pct,xgboost_rmse,xgboost_vs_m0_pct,ridge_dm_stat,ridge_dm_p,ridge_gw_stat,ridge_gw_p,xgboost_dm_stat,xgboost_dm_p,xgboost_gw_stat,xgboost_gw_p
M0,Baseline,1997.838629269444,0.0,2077.8870744410615,0.0,,,,,,,,
M1,+Trade-activity,1953.8941340046194,-2.199601840759977,2095.7068658477347,0.8575919079465175,-1.7268856425902497,0.08707399697423446,1.826699201575854,0.4011781841822539,0.4099688374778681,0.6826484652551947,7.199259660111204,0.027333838740369987
M2,+Financial-flow,1952.472134345469,-2.2707787435546987,2034.2208578676987,-2.1014720727837797,-1.5107345611451604,0.1338037331225852,2.7092289607324624,0.2580467573695362,-0.9519606580450763,0.3432624031210676,0.9876180052984096,0.6102973371341587
M3,+Text/Sentiment,1969.6154111310157,-1.412687577712362,2004.8212535347568,-3.5163518655583785,-0.46856143825840735,0.6403363191587916,2.164716538667129,0.3387956115082066,-0.8526856267765808,0.3957382965571252,1.5083861336985882,0.47039003493953213
M4,+Satellite,1989.2294473390148,-0.430924790636239,2086.3679428944993,0.40814866975959596,-0.5335051194602786,0.5947904723693025,0.2754106037400844,0.8713554407311294,0.15992553365258047,0.8732412471273627,1.9630412202014083,0.37474083069122566
M5,All combined,1867.8182838665946,-6.508050424993253,2004.2749593030185,-3.542642718341381,-2.3717229241233784,0.019492867854636664,4.051331723209878,0.13190598281023536,-0.7642566146512176,0.44639644460199945,1.0649643826316708,0.5871457513129595
