m5_gain,sum_marginal_gains,interaction
-153.577367545299,-197.42046069254206,43.84309314724305
