m5_gain,sum_marginal_gains,interaction
-121.7324003702231,-124.69065179311315,2.9582514228900436
