m5_gain,sum_marginal_gains,interaction
-128.67946386415315,-115.3219185842272,-13.357545279925944
