m5_gain,sum_marginal_gains,interaction
-130.4519438952459,-127.5192886374764,-2.932655257769511
