delta_deter,se_deter,delta_improv,se_improv,wald_chi2,p_value,n_obs
-0.3970571414765355,0.1910247312451845,-0.5368647573863401,0.18650130370914658,1.6754730270224283,0.1955270683449335,240
