delta_deter,se_deter,delta_improv,se_improv,wald_chi2,p_value,n_obs
-0.4152710458187973,0.16965344576547653,-0.5630499522682659,0.17476307363510749,0.36812165847552775,0.5440299095837049,240
