parameter,hp_coef,hamilton_coef,hamilton_se,hamilton_pvalue
const,0.021314034462226628,0.021626588771932208,0.015433010250340115,0.16111834792946267
inflation_gap,0.04041655910723831,0.04054759451655688,0.014364312640105036,0.004760612692508339
ca_gap,9.985592599798382e-07,-0.00806871774303737,0.007917500422467938,0.3081559101226673
output_gap_hamilton,-0.007825483201897847,1.1752401650073307e-05,2.5570467721258727e-05,0.6457973316789003
i_{t-1},0.9829279685422587,0.9832795563823649,0.016796209662590916,0.0
