parameter,ols_coef,ols_se,iv_2sls_coef,iv_2sls_se
const,0.021334069049117776,0.01656143637070379,0.024556486077040026,7.581735195124614
inflation_gap,0.040382575145028556,0.01517399786090537,0.04109723295600627,98.22530027578159
output_gap,1.7448946226729111e-06,8.85755139000615e-06,2.1792186635121325e-06,8.567723416637351
ca_gap,-0.007981137764891559,0.008850485644023336,-0.009172498022402517,385.2058107501565
i_{t-1},0.9829369985863852,0.0185473798449938,0.9805630771752807,22.462344938275663
