parameter,ols_coef,ols_se,gls_coef,gls_se
const,0.021314034462226628,0.01657902902234199,0.04005038800905014,0.025465730093491547
inflation_gap,0.04041655910723831,0.014883020021714478,0.04117655319914146,0.012875197685053722
output_gap,9.985592599798382e-07,1.5210264416753504e-05,8.71452007302665e-06,2.9362312259622864e-05
ca_gap,-0.007825483201897847,0.008727637305208836,0.00018318955529445478,0.006123464170900207
i_{t-1},0.9829279685422587,0.0189602263405894,0.968822248623822,0.01305799414625641
