parameter,ols_coef,ols_se,iv_2sls_coef,iv_2sls_se
const,0.021314034462226628,0.01657902902234199,0.024498692175215022,0.011826383235005134
inflation_gap,0.04041655910723831,0.014883020021714478,0.04112496220237157,0.0074428648719706125
output_gap,9.985592599798382e-07,1.5210264416753504e-05,1.7337749523716135e-06,2.9282847722331583e-05
ca_gap,-0.007825483201897847,0.008727637305208836,-0.009008271242657887,0.008834834050154592
i_{t-1},0.9829279685422587,0.0189602263405894,0.9805403824614428,0.0061521545479383925
