episode,dm_stat,dm_p,cw_stat,cw_p,n_obs
GFC,-0.1367385167531728,0.8924273691452993,1.410671536443613,0.0791707437484308,24
COVID,-0.9213268417901677,0.3697705462729346,1.8683609435228339,0.030855888584106372,18
Energy,-1.4225992786298798,0.18258620451449992,2.1830501186050206,0.014516059683613358,12
