episode,model,rmse,vs_ar1_pct,peak_error,direction_accuracy,adaptation_months,n_obs
GFC,AR(1),1476.1428331303916,0.0,3078.726566323806,0.21739130434782608,3.0,24
GFC,Ridge,1401.529488451795,-5.054615515787679,3672.5613235439223,0.08695652173913043,5.0,24
GFC,XGBoost,1567.7130182375279,6.20334178047983,3215.4013671875,0.34782608695652173,5.0,24
COVID,AR(1),2921.390259535088,0.0,7448.934660937343,0.35294117647058826,,18
COVID,Ridge,2420.0616057867237,-17.160619061834822,5729.69464021754,0.5294117647058824,7.0,18
COVID,XGBoost,1996.1134254178162,-31.67248302746518,5719.892822265625,0.6470588235294118,1.0,18
Energy,AR(1),2911.291470886655,0.0,6251.2667336061195,0.36363636363636365,,12
Energy,Ridge,3008.624822682403,3.34330494796196,6417.54556564811,0.6363636363636364,11.0,12
Energy,XGBoost,3069.3935857373017,5.43065221849791,6375.88330078125,0.6363636363636364,,12
