episode,model,rmse,vs_ar1_pct,peak_error,direction_accuracy,adaptation_months,n_obs
GFC,AR(1),,,,,,0
GFC,Ridge,,,,,,0
GFC,XGBoost,,,,,,0
COVID,AR(1),2476.119305214102,0.0,5320.698910931404,0.29411764705882354,1.0,18
COVID,Ridge,2517.6650239253418,1.6778560961806073,6444.30688217015,0.5294117647058824,1.0,18
COVID,XGBoost,2249.3659384119696,-9.157610714663274,6511.561767578125,0.7058823529411765,1.0,18
Energy,AR(1),4526.144326659617,0.0,8097.253681814669,0.36363636363636365,1.0,12
Energy,Ridge,2485.0006633070257,-45.0967427470214,4932.604877228969,0.5454545454545454,1.0,12
Energy,XGBoost,2503.099398275905,-44.69687182681509,5794.24365234375,0.7272727272727273,1.0,12
