country,dm_stat,dm_p,r2_oos
FR,-3.1580300518117403,0.0017929011514186133,0.36020622280411185
DE,-4.056298828762879,6.752905266971254e-05,0.2941950342514479
IT,-2.6341027218426056,0.009452108869201004,0.35921554207067496
ES,-3.8534880718635103,0.00014966886266876145,0.3091452332163763
