episode,loss_nowcast,loss_lagged,reduction_pct
GFC,594.9867208538859,595.0912103608658,0.01755857004114611
COVID,1031.5719947918412,1031.9014114485483,0.03192326835221878
Energy,596.0430119708644,596.2084502229345,0.02774839102133297
