pi_star,lambda_y,mu,mean_loss_nowcast,mean_loss_lagged,loss_reduction_pct,n_months
2.0,0.5,0.03,1151.8423661079678,1151.8650013215804,0.001965092574792374,237
