episode,mean_info_gap,mean_policy_diff_bp,max_abs_policy_diff_bp,n_months
COVID,0.13473644084728764,6.65599837639187,113.256829724445,18
Energy,-0.10304490133348264,-5.0904320439078,38.05278351378354,12
