episode,mean_info_gap,mean_policy_diff_bp,max_abs_policy_diff_bp,n_months
GFC,-0.028857217613726588,0.023031342928659288,1.1846490528665377,24
COVID,0.009213485633108075,-0.0073534098132682635,1.745832154059479,18
Energy,-0.07746221130605135,0.06182365800067139,0.515756673303458,12
