episode,mean_info_gap,mean_policy_diff_bp,max_abs_policy_diff_bp,n_months
GFC,-0.028857217613726588,1.3874987420872007,71.36792134781122,24
COVID,0.009213485633108075,-0.44299834784124237,105.17580000246143,18
Energy,-0.07746221130605135,3.7245004762799794,31.071211854568393,12
