model,dm_stat,dm_p,cw_stat,cw_p,r2_oos
AR(4),-1.6073658643112074,0.11427152334555557,3.359000386196195,0.0003911247904694326,0.2896979898552685
Ridge,-2.577260580230697,0.012955147210489404,3.7276763724709614,9.662665679877058e-05,0.45713607979270465
DFM,-1.2795053887559475,0.2066248141665512,2.3913716042276083,0.008392776948278224,0.12681396227067843
Bridge,-1.0740171227285533,0.2879709770153054,2.9653882941682768,0.0015115055389409715,0.25645805722124404
GradientBoosting,-1.8057458174301544,0.07697979702639346,3.5413296294232888,0.0001990579362936007,0.29983784504883737
XGBoost,-1.6411846255872413,0.10703543687482675,3.3603273910356126,0.00038925079797147433,0.2768264275312472
LSTM,0.4095259918180617,0.683902887593534,0.3820054171010935,0.35122867327268015,-0.019484932262733512
GRU,0.3905081146907371,0.6978197194646494,0.40211951142395985,0.3437980369888599,-0.018540280939024933
