model,dm_stat,dm_p,cw_stat,cw_p,r2_oos,dm_p_adj,cw_p_adj
AR(4),-1.6073658643112074,0.11427152334555557,3.359000386196195,0.0003911247904694326,0.2896979898552685,0.4570860933822223,0.0022013689076609833
Ridge,-2.577260580230697,0.012955147210489404,3.7276763724709614,9.662665679877058e-05,0.45713607979270465,0.11659632489440463,0.0007730132543901647
LASSO,-2.1757063774214225,0.034330473708910736,3.789053877605665,7.561105876152663e-05,0.3628408614923212,0.2746437896712859,0.0006804995288537397
DFM,-2.0212038055134864,0.04862869835718553,3.245866566566511,0.0005854685400613624,0.34203969136987145,0.3404008885002987,0.0023418741602454496
Bridge,-1.0740171227285533,0.2879709770153054,2.9653882941682768,0.0015115055389409715,0.25645805722124404,0.8639129310459162,0.0045345166168229145
GradientBoosting,-1.9073948429842118,0.06222193234495066,3.6242589504339824,0.00014489557509789197,0.3211064217239723,0.37333159406970395,0.0010142690256852438
XGBoost,-1.7721552870486135,0.0824618759632425,3.376632710735232,0.0003668948179434972,0.2964272749667297,0.4123093798162125,0.0022013689076609833
LSTM,0.4297963955012583,0.6691904152543864,0.3687836803625892,0.35614448490437245,-0.020505825376569975,1.0,0.7038470960483945
GRU,0.4119253624216783,0.6821547949089379,0.3801324539273046,0.35192354802419723,-0.019642199694851703,1.0,0.7038470960483945
