model,dm_stat,dm_p,cw_stat,cw_p,r2_oos
AR(4),-1.6073658643112074,0.11427152334555557,3.359000386196195,0.0003911247904694326,0.2896979898552685
Ridge,-2.577260580230697,0.012955147210489404,3.7276763724709614,9.662665679877058e-05,0.45713607979270465
DFM,-1.2795053887559475,0.2066248141665512,2.3913716042276083,0.008392776948278224,0.12681396227067843
Bridge,-1.0740171227285533,0.2879709770153054,2.9653882941682768,0.0015115055389409715,0.25645805722124404
GradientBoosting,-1.8038827926547103,0.0772756275891695,3.5016933743089296,0.00023115567190024056,0.3076454934028834
XGBoost,-1.5714227351380305,0.12239183596482639,3.23300110700823,0.0006124854400602064,0.2700148223792971
LSTM,0.40974420897002406,0.6837438303006582,0.3822938275944437,0.3511217162510928,-0.019503674647836755
GRU,0.3995196651016038,0.6912118663503963,0.39353020993391213,0.34696395791583756,-0.018943346973662623
