model,rmse,mae,direction_accuracy
AR(1),8912.633428927811,6964.950133623916,48.0
AR(4),7511.515478224177,5832.830067873913,72.0
Ridge,7.231455675456177,5.555616279730287,100.0
GradientBoosting,4433.153606911177,3479.077336166951,88.0
XGBoost,4542.288023718566,3500.1584969314877,86.0
