model,rmse,mae,direction_accuracy
AR(1),8912.633428927811,6964.950133623916,48.0
AR(4),7511.515478224177,5832.830067873913,72.0
Ridge,6538.251909679594,4944.551309816928,78.0
GradientBoosting,7562.4422134157685,5689.918480241869,70.0
XGBoost,7671.476265116367,5989.585638906441,70.0
LSTM,8999.030349601398,6811.3511356956815,36.0
